{"_id":{"$oid":"5bc0734d789815a59e0fac27"},"name":"Starcups","address":"125 High Street, Reading, RG6 1PS","rating":{"$numberInt":"5"},"facilities":["Hot drinks","Food","Premium wifi"],"coords":[{"$numberDouble":"-0.9690884"},{"$numberDouble":"51.455041"}],"openingTimes":[{"days":"Monday - Friday","opening":"7:00am","closing":"7:00pm","closed":false},{"days":"Saturday","opening":"8:00am","closing":"5:00pm","closed":false},{"days":"Sunday","closed":true}],"reviews":[{"_id":{"$oid":"5bd6b92f77c22b1540bc61fd"},"author":"Shamsa   Abid","rating":{"$numberInt":"5"},"reviewText":"Its a really good place with excellent wifi and facilities like AC","createdOn":{"$date":{"$numberLong":"1540798767718"}}}]}
{"_id":{"$oid":"5bc6ac28c00e006f8ee98189"},"name":"FAST","address":"Milad Street","rating":{"$numberInt":"5"},"facilities":["Hot drinks","Food","Premium wifi"],"coords":[{"$numberDouble":"-0.9690884"},{"$numberDouble":"51.455041"}],"openingTimes":[{"days":"Monday - Friday","opening":"7:00am","closing":"7:00pm","closed":false},{"days":"Saturday","opening":"8:00am","closing":"5:00pm","closed":false},{"days":"Sunday","closed":true}]}
